BEGIN;

drop table if exists produkty cascade;
drop table if exists klienci cascade;
drop table if exists zamowienia cascade;
drop table if exists produkty_zamowienia cascade;

create table produkty (
	kod_produktu int primary key,
	nazwa varchar(100) not null,
	cena_netto numeric(6,2) not null,
	vat numeric(3,1) not null,
	waga numeric(6) not null,
	kategoria varchar(100) not null,
	rabat numeric(3,1), -- opcjonalny

	check (vat >= 0),
	check (cena_netto >= 0),
	check (rabat is null or rabat >= 0)
);

create table klienci (
	id_klienta int primary key,
	nazwa varchar(250) not null,
	numer_telefonu varchar(25), -- opcjonalny,
	email varchar(100), -- opcjonalny
	nip char(10) -- opcjonalny
	
	check (numer_telefonu is not null or email is not null)
);

create table zamowienia (
	id_zamowienia int primary key,
	id_klienta int references klienci(id_klienta) not null,
	adres_dostawy varchar (150) not null,
	data_zlozenia date not null default now()
);

create table produkty_zamowienia (
	produkt int references produkty(kod_produktu) not null,
	id_zamowienia int references zamowienia(id_zamowienia) not null,
	ile numeric(8) not null

	check (ile > 0),
	primary key (produkt, id_zamowienia)
);

insert into produkty values
	(101, 'Gilotyna do papieru', 219.99, 18.0, 3500, 'Gilotyny i trymery'),
	(102, 'Dziurkacz metalowy duży', 59.99, 18.0, 1300, 'Dziurkacze'),
	(103, 'Dziurkacz metalowy mały', 29.99, 18.0, 700, 'Dziurkacze'),
	(201, 'Identyfikator personalny', 6.40, 8.0, 350, 'Identyfikatory i pieczatki'),
	(202, 'Identyfikator magnetyczny', 54.99, 8.0, 320, 'Identyfikatory i pieczatki'),
	(501, 'Pieczatka imienna', 12.99, 18.0, 400, 'Identyfikatory i pieczatki'),
	(601, 'Spinacze biurowe 1000 sztuk', 8.90, 0.0, 200, 'Spinacze i zszywacze'),
	(603, 'Zszywacz duży', 69.00, 0.0, 2700, 'Spinacze i zszywacze'),
	(701, 'Piórnik duży', 12.00, 0.0, 500, 'Inne'),
	(801, 'Wizytownik skórzany duży', 36.00, 8.0, 1200, 'Artykuły papiernicze'),
	(802, 'Notatnik A6', 11.0, 18.0, 800, 'Artykuły papiernicze'),
	(803, 'Czarna mata na biurko', 19.0, 22.0, 2500, 'Inne'),
	(901, 'Ołówki z gumką 15 sztuk', 15.99, 0.0, 360, 'Artykuły piśmiennicze'),
	(902, 'Gumki do mazania sztuk 3', 8.99, 18.0, 470, 'Artykuły piśmiennicze');

insert into produkty (kod_produktu, nazwa, cena_netto, vat, waga, kategoria, rabat) values
	(301, 'Kasetka metalowa mała', 85.99, 18.0, 1000, 'Inne', 20.0),
	(401, 'Nożyczki uniwersalne 21cm', 29.99, 0.0, 200, 'Nożyczki', 33.3),
	(502, 'Przybornik drewniany na biurko', 109.00, 22.0, 2700, 'Inne', 15.0),
	(602, 'Taśma klejąca akrylowa 50 sztuk', 49.68, 8.0, 650, 'Inne', 50.0),
	(702, 'Długopis niebieski 3 sztuki', 8.00, 18.0, 30, 'Artykuły piśmiennicze', 15),
	(1001, 'Papier biurowy A4 ryza', 13.99, 18.0, 3600, 'Artykuły papiernicze', 40.0);

insert into klienci (id_klienta, nazwa, numer_telefonu, email) values
	(101, 'Mariusz Nowak', '(+48) 505 23 22 12', 'mnowak@gmail.com');

insert into klienci (id_klienta, nazwa, numer_telefonu) values
	(102, 'Joanna Stępień', '(+48) 32 256 66 97');

insert into klienci (id_klienta, nazwa, email) values
	(103, 'Wiesław Kowalski', 'wiesioo@onet.eu'),
	(104, 'Stanisława Kopeć', 'stanislawa.kopec@gmail.com');

insert into klienci (id_klienta, nazwa, numer_telefonu, nip) values
	(201, 'II Liceum Ogólnokształcące im. Tadeusza Kościuszki w Pszczółkach', '(+48) 22 253 33 89', 8743407200),
	(202, 'Biurex Polska z.o.o', '(+48) 516 88 12 32', 6885475742);

insert into klienci (id_klienta, nazwa, numer_telefonu, email, nip) values
	(203, 'TaxMax z.o.o', '(+48) 11 768 23 99', 'biuro@taxmax.com', 1421697789),
	(204, 'Urząd Skarbowy w Radomiu', '(+48) 786 98 81 22', 'us@us.radom.pl', 8235014581),
	(205, 'BetonExp Industrial', '(+48) 723 88 97 11', 'kontakt@betonexp.pl', 7142321628);

insert into zamowienia (id_zamowienia, id_klienta, adres_dostawy, data_zlozenia) values
	(101, 101, 'ul. Kubusia Puchatka 1/13, Warszawa', to_date('10-01-2001', 'DD-MM-YYYY')),
	(102, 103, 'ul. Adama Mickiewicza 17/21, Katowice', to_date('07-01-2001', 'DD-MM-YYYY')),
	(103, 103, 'ul. Adama Mickiewicza 17/21, Katowice', to_date('22-02-2001', 'DD-MM-YYYY')),
	(104, 102, 'ul. Mieczysława Karłowicza 13, Gdynia', to_date('14-03-2001', 'DD-MM-YYYY')),
	(105, 104, 'ul. Miarki 2, Bytom', to_date('21-02-2001', 'DD-MM-YYYY')),
	(106, 201, 'ul. Wesoła 7, Pszczółki', to_date('14-03-2001', 'DD-MM-YYYY')),
	(107, 201, 'ul. Wesoła 7, Pszczółki', to_date('14-04-2001', 'DD-MM-YYYY')),
	(108, 201, 'ul. Wesoła 7, Pszczółki', to_date('07-08-2001', 'DD-MM-YYYY')),
	(109, 204, 'ul. Krakowska 8, Radom', to_date('18-03-2001', 'DD-MM-YYYY')),
	(110, 204, 'ul. Krakowska 8, Radom', to_date('26-03-2001', 'DD-MM-YYYY')),
	(111, 203, 'ul. Bracka 1, Kraków', to_date('01-02-2001', 'DD-MM-YYYY')),
	(112, 203, 'ul. Nowohucka 19, Kraków', to_date('03-01-2001', 'DD-MM-YYYY')),
	(113, 202, 'ul. Studencka 7, Poznań', to_date('17-03-2001', 'DD-MM-YYYY')),
	(114, 205, 'ul. Starogardzka 7, Łódź', to_date('18-03-2001', 'DD-MM-YYYY')),
	(115, 205, 'ul. Starogardzka 7, Łódź', to_date('19-03-2001', 'DD-MM-YYYY')),
	(116, 205, 'ul. Długa 2, Łódź', to_date('20-04-2001', 'DD-MM-YYYY')),
	(117, 205, 'ul. Długa 2, Łódź', to_date('27-05-2001', 'DD-MM-YYYY'));

insert into produkty_zamowienia (produkt, id_zamowienia, ile) values 
	(701, 101, 1), (802, 101, 2), (702, 101, 1),
	(501, 102, 10), (602, 103, 15), (603, 103, 1),
	(702, 104, 20), (803, 104, 1), (601, 104, 1), (902, 104, 2),
	(102, 105, 3), (603, 106, 5), (102, 106, 10), (1001, 106, 40),
	(1001, 107, 40), (902, 107, 20), (501, 107, 35),
	(801, 108, 3), (101, 108, 1), (1001, 109, 50), (702, 109, 100),
	(602, 109, 60), (301, 109, 3), (802, 110, 45), (601, 110, 25),
	(802, 111, 75), (602, 112, 10), (701, 112, 3), (201, 112, 250),
	(202, 113, 350), (201, 113, 350), (902, 114, 20), (702, 114, 20),
	(501, 114, 35), (101, 115, 5), (102, 115, 5), (1001, 116, 45),
	(901, 117, 250), (902, 117, 250), (702, 117, 1000), (603, 117, 15);

COMMIT;
